https://kikiumorra2.github.io/motr-eyetrack-pilot-1/?PROLIFIC_PID={{%PROLIFIC_PID%}}&STUDY_ID={{%STUDY_ID%}}&SESSION_ID={{%SESSION_ID%}}&LIST_ID=a,3
https://kikiumorra2.github.io/motr-eyetrack-pilot-1/?PROLIFIC_PID={{%PROLIFIC_PID%}}&STUDY_ID={{%STUDY_ID%}}&SESSION_ID={{%SESSION_ID%}}&LIST_ID=b,3
https://kikiumorra2.github.io/motr-eyetrack-pilot-1/?PROLIFIC_PID={{%PROLIFIC_PID%}}&STUDY_ID={{%STUDY_ID%}}&SESSION_ID={{%SESSION_ID%}}&LIST_ID=c,3
https://kikiumorra2.github.io/motr-eyetrack-pilot-1/?PROLIFIC_PID={{%PROLIFIC_PID%}}&STUDY_ID={{%STUDY_ID%}}&SESSION_ID={{%SESSION_ID%}}&LIST_ID=d,3
https://kikiumorra2.github.io/motr-eyetrack-pilot-1/?PROLIFIC_PID={{%PROLIFIC_PID%}}&STUDY_ID={{%STUDY_ID%}}&SESSION_ID={{%SESSION_ID%}}&LIST_ID=e,3
https://kikiumorra2.github.io/motr-eyetrack-pilot-1/?PROLIFIC_PID={{%PROLIFIC_PID%}}&STUDY_ID={{%STUDY_ID%}}&SESSION_ID={{%SESSION_ID%}}&LIST_ID=f,3
https://kikiumorra2.github.io/motr-eyetrack-pilot-1/?PROLIFIC_PID={{%PROLIFIC_PID%}}&STUDY_ID={{%STUDY_ID%}}&SESSION_ID={{%SESSION_ID%}}&LIST_ID=g,3
https://kikiumorra2.github.io/motr-eyetrack-pilot-1/?PROLIFIC_PID={{%PROLIFIC_PID%}}&STUDY_ID={{%STUDY_ID%}}&SESSION_ID={{%SESSION_ID%}}&LIST_ID=h,3
https://kikiumorra2.github.io/motr-eyetrack-pilot-1/?PROLIFIC_PID={{%PROLIFIC_PID%}}&STUDY_ID={{%STUDY_ID%}}&SESSION_ID={{%SESSION_ID%}}&LIST_ID=i,3
https://kikiumorra2.github.io/motr-eyetrack-pilot-1/?PROLIFIC_PID={{%PROLIFIC_PID%}}&STUDY_ID={{%STUDY_ID%}}&SESSION_ID={{%SESSION_ID%}}&LIST_ID=j,3
https://kikiumorra2.github.io/motr-eyetrack-pilot-1/?PROLIFIC_PID={{%PROLIFIC_PID%}}&STUDY_ID={{%STUDY_ID%}}&SESSION_ID={{%SESSION_ID%}}&LIST_ID=k,3
https://kikiumorra2.github.io/motr-eyetrack-pilot-1/?PROLIFIC_PID={{%PROLIFIC_PID%}}&STUDY_ID={{%STUDY_ID%}}&SESSION_ID={{%SESSION_ID%}}&LIST_ID=l,3
https://kikiumorra2.github.io/motr-eyetrack-pilot-1/?PROLIFIC_PID={{%PROLIFIC_PID%}}&STUDY_ID={{%STUDY_ID%}}&SESSION_ID={{%SESSION_ID%}}&LIST_ID=m,3
https://kikiumorra2.github.io/motr-eyetrack-pilot-1/?PROLIFIC_PID={{%PROLIFIC_PID%}}&STUDY_ID={{%STUDY_ID%}}&SESSION_ID={{%SESSION_ID%}}&LIST_ID=n,3
https://kikiumorra2.github.io/motr-eyetrack-pilot-1/?PROLIFIC_PID={{%PROLIFIC_PID%}}&STUDY_ID={{%STUDY_ID%}}&SESSION_ID={{%SESSION_ID%}}&LIST_ID=o,3
https://kikiumorra2.github.io/motr-eyetrack-pilot-1/?PROLIFIC_PID={{%PROLIFIC_PID%}}&STUDY_ID={{%STUDY_ID%}}&SESSION_ID={{%SESSION_ID%}}&LIST_ID=p,3
https://kikiumorra2.github.io/motr-eyetrack-pilot-1/?PROLIFIC_PID={{%PROLIFIC_PID%}}&STUDY_ID={{%STUDY_ID%}}&SESSION_ID={{%SESSION_ID%}}&LIST_ID=q,3
https://kikiumorra2.github.io/motr-eyetrack-pilot-1/?PROLIFIC_PID={{%PROLIFIC_PID%}}&STUDY_ID={{%STUDY_ID%}}&SESSION_ID={{%SESSION_ID%}}&LIST_ID=r,3
